Current coach,Team,Join Team,Conference,Since
Brette Tanner,Abilene Christian Wildcats,Abilene Christian,Western Athletic Conference,202122
Joe Scott,Air Force Falcons,Air Force,Mountain West Conference,202021
John Groce,Akron Zips,Akron,Mid-American Conference,201718
Nate Oats,Alabama Crimson Tide,Alabama,Southeastern Conference,201920
Otis Hughley Jr.,Alabama A&M Bulldogs,Alabama A&M,Southwestern Athletic Conference,202223
Tony Madlock,Alabama State Hornets,Alabama State,Southwestern Athletic Conference,202223
Dwayne Killings,Albany Great Danes,Albany,America East Conference,202122
Landon Bussie,Alcorn State Braves,Alcorn State,Southwestern Athletic Conference,202021
Duane Simpkins,American Eagles,American University,Patriot League,202324
Dustin Kerns,Appalachian State Mountaineers,Appalachian State,Sun Belt Conference,201920
Tommy Lloyd,Arizona Wildcats,Arizona,Pac-12 Conference,202122
Bobby Hurley,Arizona State Sun Devils,Arizona State,Pac-12 Conference,201516
Eric Musselman,Arkansas Razorbacks,Arkansas,Southeastern Conference,201920
Solomon Bozeman,Arkansas–Pine Bluff Golden Lions,Arkansas-Pine Bluff,Southwestern Athletic Conference,202122
Bryan Hodgson,Arkansas State Red Wolves,Arkansas State,Sun Belt Conference,202324
Kevin Kuwik,Army Black Knights,Army West Point,Patriot League,202324
Bruce Pearl,Auburn Tigers,Auburn,Southeastern Conference,201415
Corey Gipson,Austin Peay Governors,Austin Peay,ASUN Conference,202324
Michael Lewis,Ball State Cardinals,Ball State,Mid-American Conference,202223
Scott Drew,Baylor Bears,Baylor,Big 12 Conference,200304
Scott Davenport,Bellarmine Knights,Bellarmine,ASUN Conference,200506
Casey Alexander,Belmont Bruins,Belmont,Missouri Valley Conference,201920
Reggie Theus,Bethune-Cookman Wildcats,Bethune-Cookman,Southwestern Athletic Conference,202122
Levell Sanders,Binghamton Bearcats,Binghamton,America East Conference,202122
Leon Rice,Boise State Broncos,Boise State,Mountain West Conference,201011
Earl Grant,Boston College Eagles,Boston College,Atlantic Coast Conference,202122
Joe Jones,Boston University Terriers,Boston University,Patriot League,201112
Todd Simon,Bowling Green Falcons,Bowling Green,Mid-American Conference,202324
Brian Wardle,Bradley Braves,Bradley,Missouri Valley Conference,201516
Mike Martin,Brown Bears,Brown,Ivy League,201213
Jared Grasso,Bryant Bulldogs,Bryant,America East Conference,201819
John Griffin III,Bucknell Bison,Bucknell,Patriot League,202324
George Halcovage,Buffalo Bulls,Buffalo,Mid-American Conference,202324
Thad Matta,Butler Bulldogs,Butler,Big East Conference,202223
Mark Pope,BYU Cougars,Brigham Young,Big 12 Conference,201920
John Smith,Cal Poly Mustangs,Cal Poly,Big West Conference,201920
Rod Barnes,Cal State Bakersfield Roadrunners,Cal State Bakersfield,Big West Conference,201112
Dedrique Taylor,Cal State Fullerton Titans,Cal State Fullerton,Big West Conference,201314
Andy Newman,Cal State Northridge Matadors,Cal State Northridge,Big West Conference,202324
Mark Madsen,California Golden Bears,California,Pac-12 Conference,202324
Rick Croy,California Baptist Lancers,California Baptist,Western Athletic Conference,201314
Kevin McGeehan,Campbell Fighting Camels,Campbell,Coastal Athletic Association,201314
Reggie Witherspoon,Canisius Golden Griffins,Canisius,Metro Atlantic Athletic Conference,201617
Anthony Boone,Central Arkansas Bears,Central Arkansas,ASUN Conference,201920
Patrick Sellers,Central Connecticut Blue Devils,Central Connecticut State,Northeast Conference,202122
Tony Barbee,Central Michigan Chippewas,Central Michigan,Mid-American Conference,202122
Pat Kelsey,Charleston Cougars,Charleston,Coastal Athletic Association,202122
Barclay Radebaugh,Charleston Southern Buccaneers,Charleston Southern,Big South Conference,200506
Aaron Fearne,Charlotte 49ers,Charlotte,American Athletic Conference,202324
Dan Earl,Chattanooga Mocs,Chattanooga,Southern Conference,202223
Gerald Gillion,Chicago State Cougars,Chicago State,Independent,202122
Wes Miller,Cincinnati Bearcats,Cincinnati,Big 12 Conference,202122
Ed Conroy,The Citadel Bulldogs,The Citadel,Southern Conference,202223
Brad Brownell,Clemson Tigers,Clemson,Atlantic Coast Conference,201011
Daniyal Robinson,Cleveland State Vikings,Cleveland State,Horizon League,202223
Cliff Ellis,Coastal Carolina Chanticleers,Coastal Carolina,Sun Belt Conference,200708
Matt Langel,Colgate Raiders,Colgate,Patriot League,201112
Tad Boyle,Colorado Buffaloes,Colorado,Pac-12 Conference,201011
Niko Medved,Colorado State Rams,Colorado State,Mountain West Conference,201819
Jim Engles,Columbia Lions,Columbia,Ivy League,201617
Larry Stewart,Coppin State Eagles,Coppin State,Mid-Eastern Athletic Conference,202324
Brian Earl,Cornell Big Red,Cornell,Ivy League,201617
Greg McDermott,Creighton Bluejays,Creighton,Big East Conference,201011
David McLaughlin,Dartmouth Big Green,Dartmouth,Ivy League,201617
Matt McKillop,Davidson Wildcats,Davidson,Atlantic 10 Conference,202223
Anthony Grant,Dayton Flyers,Dayton,Atlantic 10 Conference,201718
Martin Ingelsby,Delaware Fightin' Blue Hens,Delaware,Coastal Athletic Association,201617
Stan Waterman,Delaware State Hornets,Delaware State,Mid-Eastern Athletic Conference,202122
Jeff Wulbrun,Denver Pioneers,Denver,Summit League,202122
Tony Stubblefield,DePaul Blue Demons,DePaul,Big East Conference,202122
Mike Davis,Detroit Mercy Titans,Detroit-Mercy,Horizon League,201819
Darian DeVries,Drake Bulldogs,Drake,Missouri Valley Conference,201819
Zach Spiker,Drexel Dragons,Drexel,Coastal Athletic Association,201617
Jon Scheyer,Duke Blue Devils,Duke,Atlantic Coast Conference,202223
Keith Dambrot,Duquesne Dukes,Duquesne,Atlantic 10 Conference,201718
Michael Schwartz,East Carolina Pirates,East Carolina,American Athletic Conference,202223
Brooks Savage,East Tennessee State Buccaneers,East Tennessee State,Southern Conference,202324
Marty Simmons,Eastern Illinois Panthers,Eastern Illinois,Ohio Valley Conference,202122
A. W. Hamilton,Eastern Kentucky Colonels,Eastern Kentucky,ASUN Conference,201819
Stan Heath,Eastern Michigan Eagles,Eastern Michigan,Mid-American Conference,202122
David Riley,Eastern Washington Eagles,Eastern Washington,Big Sky Conference,202122
Billy Taylor,Elon Phoenix,Elon,Coastal Athletic Association,202223
David Ragland,Evansville Purple Aces,Evansville,Missouri Valley Conference,202223
Jay Young,Fairfield Stags,Fairfield,Metro Atlantic Athletic Conference,201920
Jack Castleberry,Fairleigh Dickinson Knights,Fairleigh Dickinson,Northeast Conference,202324
Jeremy Ballard,FIU Panthers,Florida International,Conference USA,201819
Todd Golden,Florida Gators,Florida,Southeastern Conference,202223
Robert McCullum,Florida A&M Rattlers,Florida A&M,Southwestern Athletic Conference,201718
Dusty May,Florida Atlantic Owls,Florida Atlantic,American Athletic Conference,201819
Pat Chambers,Florida Gulf Coast Eagles,Florida Gulf Coast,ASUN Conference,202223
Leonard Hamilton,Florida State Seminoles,Florida State,Atlantic Coast Conference,200203
Keith Urgo,Fordham Rams,Fordham,Atlantic 10 Conference,202223
Justin Hutson,Fresno State Bulldogs,Fresno State,Mountain West Conference,201819
Bob Richey,Furman Paladins,Furman,Southern Conference,201718
Tim Craft,Gardner–Webb Runnin' Bulldogs,Gardner-Webb,Big South Conference,201314
Tony Skinn,George Mason Patriots,George Mason,Atlantic 10 Conference,202324
Chris Caputo,George Washington Revolutionaries,George Washington,Atlantic 10 Conference,202223
Ed Cooley,Georgetown Hoyas,Georgetown,Big East Conference,202324
Mike White,Georgia Bulldogs,Georgia,Southeastern Conference,202223
Charlie Henry,Georgia Southern Eagles,Georgia Southern,Sun Belt Conference,202324
Jonas Hayes,Georgia State Panthers,Georgia State,Sun Belt Conference,202223
Damon Stoudamire,Georgia Tech Yellow Jackets,Georgia Tech,Atlantic Coast Conference,202324
Mark Few,Gonzaga Bulldogs,Gonzaga,West Coast Conference,19992000
Donte Jackson,Grambling State Tigers,Grambling State,Southwestern Athletic Conference,201718
Bryce Drew,Grand Canyon Antelopes,Grand Canyon,Western Athletic Conference,202021
Sundance Wicks,Green Bay Phoenix,Green Bay,Horizon League,202324
Edward Joyner,Hampton Pirates,Hampton,Coastal Athletic Association,200910
Tommy Amaker,Harvard Crimson,Harvard,Ivy League,200708
Eran Ganot,Hawaii Rainbow Warriors,Hawaii,Big West Conference,201516
Alan Huss,High Point Panthers,High Point,Big South Conference,202324
Speedy Claxton,Hofstra Pride,Hofstra,Coastal Athletic Association,202122
Dave Paulsen,Holy Cross Crusaders,Holy Cross,Patriot League,202324
Kelvin Sampson,Houston Cougars,Houston,Big 12 Conference,201415
Ron Cottrell,Houston Christian Huskies,Houston Christian,Southland Conference,199192
Kenny Blakeney,Howard Bison,Howard,Mid-Eastern Athletic Conference,201920
Alex Pribble,Idaho Vandals,Idaho,Big Sky Conference,202324
Ryan Looney,Idaho State Bengals,Idaho State,Big Sky Conference,201920
Brad Underwood,Illinois Fighting Illini,Illinois,Big Ten Conference,201718
Ryan Pedon,Illinois State Redbirds,Illinois State,Missouri Valley Conference,202223
Shane Heirman,Incarnate Word Cardinals,Incarnate Word,Southland Conference,202324
Mike Woodson,Indiana Hoosiers,Indiana,Big Ten Conference,202122
Josh Schertz,Indiana State Sycamores,Indiana State,Missouri Valley Conference,202122
Tobin Anderson,Iona Gaels,Iona,Metro Atlantic Athletic Conference,202324
Fran McCaffery,Iowa Hawkeyes,Iowa,Big Ten Conference,201011
T. J. Otzelberger,Iowa State Cyclones,Iowa State,Big 12 Conference,202122
Matt Crenshaw,IUPUI Jaguars,IUPUI,Horizon League,202122
Mo Williams,Jackson State Tigers,Jackson State,Southwestern Athletic Conference,202223
Jordan Mincy,Jacksonville Dolphins,Jacksonville,ASUN Conference,202122
Ray Harper,Jacksonville State Gamecocks,Jacksonville State,Conference USA,201617
Mark Byington,James Madison Dukes,James Madison,Sun Belt Conference,202021
Bill Self,Kansas Jayhawks,Kansas,Big 12 Conference,200304
Marvin Menzies,Kansas City Roos,UMKC,Summit League,202223
Jerome Tang,Kansas State Wildcats,Kansas State,Big 12 Conference,202223
Antoine Pettway,Kennesaw State Owls,Kennesaw State,ASUN Conference,202324
Rob Senderoff,Kent State Golden Flashes,Kent State,Mid-American Conference,201112
John Calipari,Kentucky Wildcats,Kentucky,Southeastern Conference,200910
Fran Dunphy,La Salle Explorers,La Salle,Atlantic 10 Conference,202223
Mike McGarvey,Lafayette Leopards,Lafayette,Patriot League,202223
Alvin Brooks,Lamar Cardinals,Lamar,Southland Conference,202122
Nate Champion,Le Moyne Dolphins,Le Moyne,Northeast Conference,201920
Brett Reed,Lehigh Mountain Hawks,Lehigh,Patriot League,200708
Ritchie McKay,Liberty Flames,Liberty,Conference USA,201516
Kyle Gerdeman,Lindenwood Lions,Lindenwood,Ohio Valley Conference,201920
Lennie Acuff,Lipscomb Bisons,Lipscomb,ASUN Conference,201920
Darrell Walker,Little Rock Trojans,Little Rock,Ohio Valley Conference,201819
Rod Strickland,LIU Sharks,Long Island,Northeast Conference,202223
Dan Monson,Long Beach State Beach,Long Beach State,Big West Conference,200708
Griff Aldrich,Longwood Lancers,Longwood,Big South Conference,201819
Bob Marlin,Louisiana Ragin' Cajuns,Louisiana,Sun Belt Conference,201011
Keith Richard,Louisiana–Monroe Warhawks,Louisiana-Monroe,Sun Belt Conference,201011
Talvin Hester,Louisiana Tech Bulldogs,Louisiana Tech,Conference USA,202223
Kenny Payne,Louisville Cardinals,Louisville,Atlantic Coast Conference,202223
Drew Valentine,Loyola Chicago Ramblers,Loyola (IL),Atlantic 10 Conference,202122
Tavaras Hardy,Loyola (Maryland) Greyhounds,Loyola (MD),Patriot League,201819
Stan Johnson,Loyola Marymount Lions,Loyola Marymount,West Coast Conference,202021
Matt McMahon,LSU Tigers,LSU,Southeastern Conference,202223
Chris Markwood,Maine Black Bears,Maine,America East Conference,202223
John Gallagher,Manhattan Jaspers,Manhattan,Metro Atlantic Athletic Conference,202324
John Dunne,Marist Red Foxes,Marist,Metro Atlantic Athletic Conference,201819
Shaka Smart,Marquette Golden Eagles,Marquette,Big East Conference,202122
Dan D'Antoni,Marshall Thundering Herd,Marshall,Sun Belt Conference,201415
Kevin Willard,Maryland Terrapins,Maryland,Big Ten Conference,202223
Jason Crafton,Maryland Eastern Shore Hawks,Maryland-Eastern Shore,Mid-Eastern Athletic Conference,201920
Will Wade,McNeese Cowboys,McNeese State,Southland Conference,202324
Penny Hardaway,Memphis Tigers,Memphis,American Athletic Conference,201819
Greg Gary,Mercer Bears,Mercer,Southern Conference,201920
Joe Gallo,Merrimack Warriors,Merrimack College,Northeast Conference,201617
Jim Larrañaga,Miami Hurricanes,Miami (FL),Atlantic Coast Conference,201112
Travis Steele,Miami RedHawks,Miami (OH),Mid-American Conference,202223
Juwan Howard,Michigan Wolverines,Michigan,Big Ten Conference,201920
Tom Izzo,Michigan State Spartans,Michigan State,Big Ten Conference,199596
Nick McDevitt,Middle Tennessee Blue Raiders,Middle Tennessee State,Conference USA,201819
Bart Lundy,Milwaukee Panthers,Milwaukee,Horizon League,202223
Ben Johnson,Minnesota Golden Gophers,Minnesota,Big Ten Conference,202122
Chris Jans,Mississippi State Bulldogs,Mississippi State,Southeastern Conference,202223
George Ivory,Mississippi Valley State Delta Devils,Mississippi Valley State,Southwestern Athletic Conference,202223
Dennis Gates,Missouri Tigers,Missouri,Southeastern Conference,202223
Dana Ford,Missouri State Bears,Missouri State,Missouri Valley Conference,201819
King Rice,Monmouth Hawks,Monmouth,Coastal Athletic Association,201112
Travis DeCuire,Montana Grizzlies,Montana,Big Sky Conference,201415
Matt Logie,Montana State Bobcats,Montana State,Big Sky Conference,202324
Preston Spradlin,Morehead State Eagles,Morehead State,Ohio Valley Conference,201617
Kevin Broadus,Morgan State Bears,Morgan State,Mid-Eastern Athletic Conference,201920
Dan Engelstad,Mount St. Mary's Mountaineers,Mount St. Mary's,Metro Atlantic Athletic Conference,201819
Steve Prohm,Murray State Racers,Murray State,Missouri Valley Conference,202223
Ed DeChellis,Navy Midshipmen,Navy,Patriot League,201112
Kevin Keatts,NC State Wolfpack,NC State,Atlantic Coast Conference,201718
Fred Hoiberg,Nebraska Cornhuskers,Nebraska,Big Ten Conference,201920
Steve Alford,Nevada Wolf Pack,Nevada,Mountain West Conference,201920
Nathan Davis,New Hampshire Wildcats,New Hampshire,America East Conference,202324
Richard Pitino,New Mexico Lobos,New Mexico,Mountain West Conference,202122
Jason Hooten,New Mexico State Aggies,New Mexico State,Conference USA,202324
Mark Slessinger,New Orleans Privateers,New Orleans,Southland Conference,201112
Greg Paulus,Niagara Purple Eagles,Niagara,Metro Atlantic Athletic Conference,201920
Tevon Saddler,Nicholls Colonels,Nicholls State,Southland Conference,202324
Grant Billmeier,NJIT Highlanders,N.J.I.T.,America East Conference,202324
Robert Jones,Norfolk State Spartans,Norfolk State,Mid-Eastern Athletic Conference,201314
Tony Pujol,North Alabama Lions,North Alabama,ASUN Conference,201819
Hubert Davis,North Carolina Tar Heels,North Carolina,Atlantic Coast Conference,202122
Monté Ross,North Carolina A&T Aggies,North Carolina A&T,Coastal Athletic Association,202324
LeVelle Moton,North Carolina Central Eagles,North Carolina Central,Mid-Eastern Athletic Conference,200910
Paul Sather,North Dakota Fighting Hawks,North Dakota,Summit League,201920
David Richman,North Dakota State Bison,North Dakota State,Summit League,201415
Matthew Driscoll,North Florida Ospreys,North Florida,ASUN Conference,200910
Ross Hodge,North Texas Mean Green,North Texas,American Athletic Conference,202324
Bill Coen,Northeastern Huskies,Northeastern,Coastal Athletic Association,200607
Shane Burcar,Northern Arizona Lumberjacks,Northern Arizona,Big Sky Conference,201920
Steve Smiley,Northern Colorado Bears,Northern Colorado,Big Sky Conference,202021
Rashon Burno,Northern Illinois Huskies,Northern Illinois,Mid-American Conference,202122
Ben Jacobson,Northern Iowa Panthers,Northern Iowa,Missouri Valley Conference,200607
Darrin Horn,Northern Kentucky Norse,Northern Kentucky,Horizon League,201920
Chris Collins,Northwestern Wildcats,Northwestern,Big Ten Conference,201314
Rick Cabrera,Northwestern State Demons,Northwestern State,Southland Conference,202324
Micah Shrewsberry,Notre Dame Fighting Irish,Notre Dame,Atlantic Coast Conference,202324
Greg Kampe,Oakland Golden Grizzlies,Oakland,Horizon League,198485
Jeff Boals,Ohio Bobcats,Ohio,Mid-American Conference,201920
Chris Holtmann,Ohio State Buckeyes,Ohio State,Big Ten Conference,201718
Porter Moser,Oklahoma Sooners,Oklahoma,Big 12 Conference,202122
Mike Boynton,Oklahoma State Cowboys,Oklahoma State,Big 12 Conference,201718
Jeff Jones,Old Dominion Monarchs,Old Dominion,Sun Belt Conference,201314
Chris Beard,Ole Miss Rebels,Ole Miss,Southeastern Conference,202324
Chris Crutchfield,Omaha Mavericks,Omaha,Summit League,202223
Russell Springmann,Oral Roberts Golden Eagles,Oral Roberts,Summit League,202324
Dana Altman,Oregon Ducks,Oregon,Pac-12 Conference,201011
Wayne Tinkle,Oregon State Beavers,Oregon State,Pac-12 Conference,201415
Leonard Perry,Pacific Tigers,Pacific,West Coast Conference,202122
Steve Donahue,Penn Quakers,Pennsylvania,Ivy League,201516
Mike Rhoades,Penn State Nittany Lions,Penn State,Big Ten Conference,202324
Lorenzo Romar,Pepperdine Waves,Pepperdine,West Coast Conference,201819
Jeff Capel III,Pittsburgh Panthers,Pittsburgh,Atlantic Coast Conference,201819
Shantay Legans,Portland Pilots,Portland,West Coast Conference,202122
Jase Coburn,Portland State Vikings,Portland State,Big Sky Conference,202122
Byron Smith,Prairie View A&M Panthers,Prairie View A&M,Southwestern Athletic Conference,201516
Quinton Ferrell,Presbyterian Blue Hose,Presbyterian,Big South Conference,201920
Mitch Henderson,Princeton Tigers,Princeton,Ivy League,201112
Kim English,Providence Friars,Providence,Big East Conference,202324
Matt Painter,Purdue Boilermakers,Purdue,Big Ten Conference,200506
Jon Coffman,Purdue Fort Wayne Mastodons,Fort Wayne,Horizon League,201415
Grant Leonard,Queens Royals,Queens University,ASUN Conference,202223
Tom Pecora,Quinnipiac Bobcats,Quinnipiac,Metro Atlantic Athletic Conference,202324
Darris Nichols,Radford Highlanders,Radford,Big South Conference,202122
Archie Miller,Rhode Island Rams,Rhode Island,Atlantic 10 Conference,202223
Scott Pera,Rice Owls,Rice,American Athletic Conference,201718
Chris Mooney,Richmond Spiders,Richmond,Atlantic 10 Conference,200506
Kevin Baggett,Rider Broncs,Rider,Metro Atlantic Athletic Conference,201213
Andrew Toole,Robert Morris Colonials,Robert Morris,Horizon League,201011
Steve Pikiell,Rutgers Scarlet Knights,Rutgers,Big Ten Conference,201617
David Patrick,Sacramento State Hornets,Sacramento State,Big Sky Conference,202223
Anthony Latina,Sacred Heart Pioneers,Sacred Heart,Northeast Conference,201314
Mark Schmidt,St. Bonaventure Bonnies,St. Bonaventure,Atlantic 10 Conference,200708
Rob Krimmel,Saint Francis Red Flash,St. Francis (PA),Northeast Conference,201213
Rick Pitino,St. John's Red Storm,St. John's,Big East Conference,202324
Billy Lange,Saint Joseph's Hawks,Saint Joseph's,Atlantic 10 Conference,201920
Travis Ford,Saint Louis Billikens,Saint Louis,Atlantic 10 Conference,201617
Randy Bennett,Saint Mary's Gaels,Saint Mary's,West Coast Conference,200102
Bashir Mason,Saint Peter's Peacocks,Saint Peter's,Metro Atlantic Athletic Conference,202223
John Tauer,St. Thomas Tommies,St. Thomas-Minnesota,Summit League,201112
Chris Mudge,Sam Houston Bearkats,Sam Houston State,Conference USA,202324
Bucky McMillan,Samford Bulldogs,Samford,Southern Conference,202021
Steve Lavin,San Diego Toreros,San Diego,West Coast Conference,202223
Brian Dutcher,San Diego State Aztecs,San Diego State,Mountain West Conference,201718
Chris Gerlufsen,San Francisco Dons,San Francisco,West Coast Conference,202223
Tim Miles,San Jose State Spartans,San Jose State,Mountain West Conference,202122
Herb Sendek,Santa Clara Broncos,Santa Clara,West Coast Conference,201617
Chris Victor,Seattle Redhawks,Seattle,Western Athletic Conference,202122
Shaheen Holloway,Seton Hall Pirates,Seton Hall,Big East Conference,202223
Carmen Maciariello,Siena Saints,Siena,Metro Atlantic Athletic Conference,201920
Brian Barone,SIU Edwardsville Cougars,SIU-Edwardsville,Ohio Valley Conference,201920
Rob Lanier,SMU Mustangs,Southern Methodist,American Athletic Conference,202223
Richie Riley,South Alabama Jaguars,South Alabama,Sun Belt Conference,201819
Lamont Paris,South Carolina Gamecocks,South Carolina,Southeastern Conference,202223
Erik Martin,South Carolina State Bulldogs,South Carolina State,Mid-Eastern Athletic Conference,202223
Dave Dickerson,South Carolina Upstate Spartans,USC Upstate,Big South Conference,201819
Eric Peterson,South Dakota Coyotes,South Dakota,Summit League,202223
Eric Henderson,South Dakota State Jackrabbits,South Dakota State,Summit League,201920
Amir Abdur-Rahim,South Florida Bulls,South Florida,American Athletic Conference,202324
Brad Korn,Southeast Missouri Redhawks,Southeast Missouri State,Ohio Valley Conference,202021
David Kiefer,Southeastern Louisiana Lions,Southeastern Louisiana,Southland Conference,201920
Kevin Johnson,Southern Jaguars,Southern,Southwestern Athletic Conference,202324
Bryan Mullins,Southern Illinois Salukis,Southern Illinois,Missouri Valley Conference,201920
Stan Gouard,Southern Indiana Screaming Eagles,Southern Indiana,Ohio Valley Conference,202021
Jay Ladner,Southern Miss Golden Eagles,Southern Mississippi,Sun Belt Conference,201920
Rob Jeter,Southern Utah Thunderbirds,Southern Utah,Western Athletic Conference,202324
Jerod Haase,Stanford Cardinal,Stanford,Pac-12 Conference,201617
Kyle Keller,Stephen F. Austin Lumberjacks,Stephen F. Austin,Western Athletic Conference,201617
Donnie Jones,Stetson Hatters,Stetson,ASUN Conference,201920
Chris Kraus,Stonehill Skyhawks,Stonehill,Northeast Conference,201314
Geno Ford,Stony Brook Seawolves,Stony Brook,Coastal Athletic Association,201920
Adrian Autry,Syracuse Orange,Syracuse,Atlantic Coast Conference,202324
Billy Gillispie,Tarleton Texans,Tarleton State,Western Athletic Conference,202021
Jamie Dixon,TCU Horned Frogs,TCU,Big 12 Conference,201617
Adam Fisher,Temple Owls,Temple,American Athletic Conference,202324
Rick Barnes,Tennessee Volunteers,Tennessee,Southeastern Conference,201516
Brian Collins,Tennessee State Tigers,Tennessee State,Ohio Valley Conference,201819
John Pelphrey,Tennessee Tech Golden Eagles,Tennessee Tech,Ohio Valley Conference,201920
Rodney Terry,Texas Longhorns,Texas,Big 12 Conference,202223
Buzz Williams,Texas A&M Aggies,Texas A&M,Southeastern Conference,201920
Jaret von Rosenberg,Texas A&M–Commerce Lions,Texas A&M Commerce,Southland Conference,201718
Jim Shaw,Texas A&M–Corpus Christi Islanders,Texas A&M-CC,Southland Conference,202324
Johnny Jones,Texas Southern Tigers,Texas Southern,Southwestern Athletic Conference,201819
Terrence Johnson,Texas State Bobcats,Texas State,Sun Belt Conference,202021
Grant McCasland,Texas Tech Red Raiders,Texas Tech,Big 12 Conference,202324
Tod Kowalczyk,Toledo Rockets,Toledo,Mid-American Conference,201011
Pat Skerry,Towson Tigers,Towson,Coastal Athletic Association,201112
Scott Cross,Troy Trojans,Troy,Sun Belt Conference,201920
Ron Hunter,Tulane Green Wave,Tulane,American Athletic Conference,201920
Eric Konkol,Tulsa Golden Hurricane,Tulsa,American Athletic Conference,202223
Andy Kennedy,UAB Blazers,UAB,American Athletic Conference,202021
Jim Les,UC Davis Aggies,UC Davis,Big West Conference,201112
Russell Turner,UC Irvine Anteaters,UC Irvine,Big West Conference,201011
Mike Magpayo,UC Riverside Highlanders,UC Riverside,Big West Conference,202021
Eric Olen,UC San Diego Tritons,UC San Diego,Big West Conference,201314
Joe Pasternack,UC Santa Barbara Gauchos,UC Santa Barbara,Big West Conference,201718
Johnny Dawkins,UCF Knights,UCF,Big 12 Conference,201617
Mick Cronin,UCLA Bruins,UCLA,Pac-12 Conference,201920
Dan Hurley,UConn Huskies,UConn,Big East Conference,201819
Luke Yaklich,UIC Flames,Illinois-Chicago,Missouri Valley Conference,202021
Frank Martin,UMass Minutemen,Massachusetts,Atlantic 10 Conference,202223
Pat Duquette,UMass Lowell River Hawks,UMass Lowell,America East Conference,201314
Jim Ferry,UMBC Retrievers,UMBC,America East Conference,202122
Mike Morrell,UNC Asheville Bulldogs,UNC Asheville,Big South Conference,201819
Mike Jones,UNC Greensboro Spartans,UNC Greensboro,Southern Conference,202122
Takayo Siddle,UNC Wilmington Seahawks,UNC Wilmington,Coastal Athletic Association,202021
Kevin Kruger,UNLV Runnin' Rebels,UNLV,Mountain West Conference,202122
Andy Enfield,USC Trojans,USC,Pac-12 Conference,201314
K. T. Turner,UT Arlington Mavericks,Texas-Arlington,Western Athletic Conference,202324
Ryan Ridder,UT Martin Skyhawks,Tennessee-Martin,Ohio Valley Conference,202122
Craig Smith,Utah Utes,Utah,Pac-12 Conference,202122
Danny Sprinkle,Utah State Aggies,Utah State,Mountain West Conference,202324
Jon Judkins,Utah Tech Trailblazers,Utah Tech,Western Athletic Conference,200506
Todd Phillips,Utah Valley Wolverines,Utah Valley,Western Athletic Conference,202324
Joe Golding,UTEP Miners,UTEP,Conference USA,202122
Matt Figger,UTRGV Vaqueros,Texas-RGV,Western Athletic Conference,202122
Steve Henson,UTSA Roadrunners,Texas-San Antonio,American Athletic Conference,201617
Roger Powell,Valparaiso Beacons,Valparaiso,Missouri Valley Conference,202324
Jerry Stackhouse,Vanderbilt Commodores,Vanderbilt,Southeastern Conference,201920
Ryan Odom,VCU Rams,VCU,Atlantic 10 Conference,202324
John Becker,Vermont Catamounts,Vermont,America East Conference,201112
Kyle Neptune,Villanova Wildcats,Villanova,Big East Conference,202223
Tony Bennett,Virginia Cavaliers,Virginia,Atlantic Coast Conference,200910
Mike Young,Virginia Tech Hokies,Virginia Tech,Atlantic Coast Conference,201920
Andrew Wilson,VMI Keydets,Virginia Military,Southern Conference,202223
Donald Copeland,Wagner Seahawks,Wagner,Northeast Conference,202223
Steve Forbes,Wake Forest Demon Deacons,Wake Forest,Atlantic Coast Conference,202021
Mike Hopkins,Washington Huskies,Washington,Pac-12 Conference,201718
Kyle Smith,Washington State Cougars,Washington State,Pac-12 Conference,201920
Eric Duft,Weber State Wildcats,Weber State,Big Sky Conference,202223
Josh Eilert,West Virginia Mountaineers,West Virginia,Big 12 Conference,202324
Justin Gray,Western Carolina Catamounts,Western Carolina,Southern Conference,202122
Chad Boudreau,Western Illinois Leathernecks,Western Illinois,Ohio Valley Conference,202324
Steve Lutz,Western Kentucky Hilltoppers,Western Kentucky,Conference USA,202324
Dwayne Stephens,Western Michigan Broncos,Western Michigan,Mid-American Conference,202223
Paul Mills,Wichita State Shockers,Wichita State,American Athletic Conference,202324
Dane Fischer,William & Mary Tribe,William & Mary,Coastal Athletic Association,201920
Mark Prosser,Winthrop Eagles,Winthrop,Big South Conference,202122
Greg Gard,Wisconsin Badgers,Wisconsin,Big Ten Conference,201516
Dwight Perry,Wofford Terriers,Wofford,Southern Conference,202223
Scott Nagy,Wright State Raiders,Wright State,Horizon League,201617
Jeff Linder,Wyoming Cowboys,Wyoming,Mountain West Conference,202021
Sean Miller,Xavier Musketeers,Xavier,Big East Conference,202223
James Jones,Yale Bulldogs,Yale,Ivy League,19992000
Jerrod Calhoun,Youngstown State Penguins,Youngstown State,Horizon League,201718
